Country,Import (US$ Thousand),Proportion
 World,44878269.35,
Canada,18707025.61,0.416839283
China,10355581.52,0.230748237
Brazil,2334048.3,0.052008429
Mexico,2027309.36,0.045173519
Germany,1257178.09,0.02801307
Chile,959814.44,0.021387064
Finland,864945.35,0.019273144
Indonesia,839872.22,0.018714452
United Kingdom,648238.01,0.014444363