Country,Proportion
World,1
Canada,0.416839283
China,0.230748237
Brazil,0.052008429
Mexico,0.045173519
Germany,0.02801307
Chile,0.021387064
Finland,0.019273144
Indonesia,0.018714452
United Kingdom,0.014444363
